job_id,skill_id,skill_rating
1,0,3
1,1,4
1,2,5
1,3,1
1,4,2
1,5,3
1,6,4
1,7,3
1,8,4
1,9,5
1,10,2
1,11,2
1,12,1
1,13,1
1,14,1
1,15,1
1,16,3
1,17,4
1,18,5
1,19,3
1,20,2
1,21,3
1,22,4
1,23,1
1,24,2
1,25,3
1,26,4
1,27,5
1,28,2
1,29,3
1,30,4
1,31,5
1,32,3
1,33,4
1,34,5
1,35,1
1,36,2
1,37,3
1,38,4
1,39,3
1,40,4
1,41,5
1,42,2
1,43,2
1,44,1
1,45,1
1,46,1
1,47,1
1,48,3
1,49,4
1,50,5
1,51,3
1,52,2
1,53,3
1,54,4
1,55,1
1,56,2
1,57,3
1,58,4
1,59,1
1,60,2
1,61,3
1,62,4
1,63,3
1,64,4
1,65,5
1,66,2
1,67,2
1,68,1
1,69,1
1,70,1
1,71,1
1,72,2
1,73,3
1,74,4
1,75,3
1,76,4
1,77,5
1,78,2
1,79,2
1,80,1
1,81,1
1,82,1
1,83,1
1,84,3
1,85,4
1,86,5
1,87,3
1,88,2
1,89,3
1,90,4
1,91,1
1,92,2
1,93,3
1,94,1
1,95,3
1,96,4
1,97,5
1,98,3
1,99,2
1,100,1
1,101,2
1,102,3
1,103,4
1,104,3
1,105,4
1,106,5
1,107,2
1,108,2
1,109,1
1,110,1
1,111,1
1,112,1
1,113,3
1,114,4
1,115,1
1,116,2
1,117,3
1,118,4
1,119,3
1,120,4
1,121,5
1,122,2
1,123,2
1,124,1
1,125,1
1,126,1
1,127,1
1,128,3
1,129,4
1,130,1
1,131,2
1,132,3
1,133,4
1,134,3
2,0,4
2,1,5
2,2,2
2,3,2
2,4,1
2,5,1
2,6,1
2,7,1
2,8,3
2,9,4
2,10,5
2,11,3
2,12,2
2,13,3
2,14,4
2,15,1
2,16,2
2,17,3
2,18,3
2,19,4
2,20,5
2,21,1
2,22,2
2,23,3
2,24,4
2,25,3
2,26,4
2,27,5
2,28,2
2,29,2
2,30,1
2,31,1
2,32,1
2,33,1
2,34,3
2,35,4
2,36,5
2,37,3
2,38,2
2,39,3
2,40,4
2,41,1
2,42,2
2,43,3
2,44,4
2,45,5
2,46,2
2,47,3
2,48,4
2,49,5
2,50,3
2,51,4
2,52,5
2,53,1
2,54,2
2,55,3
2,56,4
2,57,3
2,58,4
2,59,5
2,60,2
2,61,2
2,62,1
2,63,1
2,64,1
2,65,1
2,66,3
2,67,4
2,68,5
2,69,3
2,70,2
2,71,3
2,72,4
2,73,1
2,74,2
2,75,3
2,76,4
2,77,1
2,78,2
2,79,3
2,80,4
2,81,3
2,82,4
2,83,5
2,84,2
2,85,2
2,86,1
2,87,1
2,88,1
2,89,1
2,90,2
2,91,3
2,92,4
2,93,3
2,94,4
2,95,5
2,96,2
2,97,2
2,98,1
2,99,1
2,100,1
2,101,1
2,102,3
2,103,4
2,104,5
2,105,3
2,106,2
2,107,3
2,108,4
2,109,1
2,110,2
2,111,3
2,112,1
2,113,3
2,114,4
2,115,5
2,116,3
2,117,2
2,118,1
2,119,2
2,120,3
2,121,4
2,122,3
2,123,4
2,124,3
2,125,4
2,126,5
2,127,1
2,128,2
2,129,3
2,130,4
2,131,3
2,132,4
2,133,5
2,134,2
3,0,2
3,1,1
3,2,1
3,3,1
3,4,1
3,5,3
3,6,4
3,7,5
3,8,3
3,9,2
3,10,3
3,11,4
3,12,1
3,13,2
3,14,3
3,15,4
3,16,5
3,17,2
3,18,3
3,19,4
3,20,5
3,21,3
3,22,4
3,23,5
3,24,1
3,25,2
3,26,3
3,27,4
3,28,3
3,29,4
3,30,5
3,31,2
3,32,2
3,33,1
3,34,1
3,35,1
3,36,1
3,37,3
3,38,4
3,39,5
3,40,3
3,41,2
3,42,3
3,43,4
3,44,1
3,45,2
3,46,3
3,47,4
3,48,1
3,49,2
3,50,3
3,51,4
3,52,3
3,53,4
3,54,5
3,55,2
3,56,2
3,57,1
3,58,1
3,59,1
3,60,1
3,61,2
3,62,3
3,63,4
3,64,3
3,65,4
3,66,5
3,67,2
3,68,2
3,69,1
3,70,1
3,71,1
3,72,1
3,73,3
3,74,4
3,75,5
3,76,3
3,77,2
3,78,3
3,79,4
3,80,1
3,81,2
3,82,3
3,83,1
3,84,3
3,85,4
3,86,5
3,87,3
3,88,2
3,89,1
3,90,2
3,91,3
3,92,4
3,93,3
3,94,4
3,95,5
3,96,2
3,97,2
3,98,1
3,99,1
3,100,1
3,101,1
3,102,3
3,103,4
3,104,1
3,105,2
3,106,3
3,107,4
3,108,3
3,109,4
3,110,5
3,111,2
3,112,2
3,113,1
3,114,1
3,115,1
3,116,1
3,117,3
3,118,4
3,119,1
3,120,2
3,121,3
3,122,4
3,123,3
3,124,4
3,125,5
3,126,2
3,127,2
3,128,1
3,129,1
3,130,1
3,131,1
3,132,3
3,133,4
3,134,5
4,0,3
4,1,3
4,2,4
4,3,5
4,4,1
4,5,2
4,6,3
4,7,4
4,8,3
4,9,4
4,10,5
4,11,2
4,12,2
4,13,1
4,14,1
4,15,1
4,16,1
4,17,3
4,18,4
4,19,5
4,20,3
4,21,2
4,22,3
4,23,4
4,24,1
4,25,2
4,26,3
4,27,4
4,28,5
4,29,2
4,30,3
4,31,4
4,32,5
4,33,3
4,34,4
4,35,5
4,36,1
4,37,2
4,38,3
4,39,4
4,40,3
4,41,4
4,42,5
4,43,2
4,44,2
4,45,1
4,46,1
4,47,1
4,48,1
4,49,3
4,50,4
4,51,5
4,52,3
4,53,2
4,54,3
4,55,4
4,56,1
4,57,3
4,58,4
4,59,5
4,60,1
4,61,2
4,62,3
4,63,4
4,64,3
4,65,4
4,66,5
4,67,2
4,68,2
4,69,1
4,70,1
4,71,1
4,72,1
4,73,3
4,74,4
4,75,5
4,76,3
4,77,2
4,78,3
4,79,4
4,80,1
4,81,2
4,82,3
4,83,4
4,84,5
4,85,2
4,86,3
4,87,4
4,88,5
4,89,3
4,90,4
4,91,5
4,92,1
4,93,2
4,94,3
4,95,4
4,96,3
4,97,3
4,98,4
4,99,5
4,100,1
4,101,2
4,102,3
4,103,4
4,104,3
4,105,4
4,106,5
4,107,2
4,108,2
4,109,1
4,110,1
4,111,1
4,112,1
4,113,3
4,114,4
4,115,5
4,116,3
4,117,2
4,118,3
4,119,4
4,120,1
4,121,2
4,122,3
4,123,4
4,124,5
4,125,2
4,126,3
4,127,4
4,128,5
4,129,3
4,130,3
4,131,4
4,132,5
4,133,1
4,134,2
5,0,3
5,1,4
5,2,3
5,3,4
5,4,5
5,5,2
5,6,2
5,7,1
5,8,1
5,9,1
5,10,1
5,11,3
5,12,4
5,13,5
5,14,3
5,15,2
5,16,3
5,17,4
5,18,1
5,19,2
5,20,3
5,21,4
5,22,5
5,23,2
5,24,3
5,25,4
5,26,5
5,27,3
5,28,4
5,29,5
5,30,1
5,31,2
5,32,3
5,33,4
5,34,3
5,35,4
5,36,5
5,37,2
5,38,2
5,39,1
5,40,1
5,41,1
5,42,1
5,43,3
5,44,4
5,45,5
5,46,3
5,47,2
5,48,3
5,49,4
5,50,1
5,51,2
5,52,3
5,53,4
5,54,1
5,55,2
5,56,3
5,57,4
5,58,3
5,59,4
5,60,5
5,61,2
5,62,2
5,63,1
5,64,1
5,65,1
5,66,1
5,67,2
5,68,3
5,69,4
5,70,3
5,71,4
5,72,5
5,73,2
5,74,2
5,75,1
5,76,1
5,77,1
5,78,1
5,79,3
5,80,4
5,81,5
5,82,3
5,83,2
5,84,3
5,85,4
5,86,1
5,87,2
5,88,3
5,89,1
5,90,3
5,91,4
5,92,5
5,93,3
5,94,2
5,95,1
5,96,2
5,97,3
5,98,4
5,99,3
5,100,4
5,101,5
5,102,2
5,103,2
5,104,1
5,105,1
5,106,1
5,107,1
5,108,3
5,109,4
5,110,3
5,111,4
5,112,5
5,113,1
5,114,2
5,115,3
5,116,4
5,117,3
5,118,4
5,119,5
5,120,2
5,121,2
5,122,1
5,123,1
5,124,1
5,125,1
5,126,3
5,127,4
5,128,5
5,129,3
5,130,2
5,131,3
5,132,4
5,133,1
5,134,2
6,0,3
6,1,4
6,2,5
6,3,2
6,4,3
6,5,4
6,6,5
6,7,3
6,8,4
6,9,5
6,10,1
6,11,2
6,12,3
6,13,4
6,14,3
6,15,4
6,16,5
6,17,2
6,18,2
6,19,1
6,20,1
6,21,1
6,22,1
6,23,3
6,24,4
6,25,5
6,26,3
6,27,2
6,28,3
6,29,4
6,30,1
6,31,3
6,32,4
6,33,5
6,34,1
6,35,2
6,36,3
6,37,4
6,38,3
6,39,4
6,40,5
6,41,2
6,42,2
6,43,1
6,44,1
6,45,1
6,46,1
6,47,3
6,48,4
6,49,5
6,50,3
6,51,2
6,52,3
6,53,4
6,54,1
6,55,2
6,56,3
6,57,4
6,58,5
6,59,2
6,60,3
6,61,4
6,62,3
6,63,4
6,64,5
6,65,1
6,66,2
6,67,3
6,68,4
6,69,3
6,70,4
6,71,5
6,72,2
6,73,2
6,74,1
6,75,1
6,76,1
6,77,1
6,78,3
6,79,4
6,80,5
6,81,3
6,82,2
6,83,3
6,84,4
6,85,1
6,86,2
6,87,3
6,88,4
6,89,5
6,90,2
6,91,3
6,92,4
6,93,5
6,94,3
6,95,4
6,96,5
6,97,1
6,98,2
6,99,3
6,100,4
6,101,5
6,102,1
6,103,2
6,104,3
6,105,4
6,106,3
6,107,4
6,108,5
6,109,2
6,110,2
6,111,1
6,112,1
6,113,1
6,114,1
6,115,3
6,116,4
6,117,5
6,118,3
6,119,2
6,120,3
6,121,4
6,122,5
6,123,1
6,124,2
6,125,3
6,126,4
6,127,3
6,128,4
6,129,5
6,130,2
6,131,2
6,132,1
6,133,1
6,134,1
7,0,1
7,1,3
7,2,4
7,3,5
7,4,3
7,5,2
7,6,3
7,7,4
7,8,1
7,9,2
7,10,3
7,11,4
7,12,5
7,13,2
7,14,3
7,15,4
7,16,5
7,17,3
7,18,4
7,19,5
7,20,3
7,21,4
7,22,5
7,23,1
7,24,2
7,25,3
7,26,4
7,27,3
7,28,4
7,29,5
7,30,2
7,31,2
7,32,1
7,33,1
7,34,1
7,35,1
7,36,3
7,37,4
7,38,5
7,39,3
7,40,2
7,41,3
7,42,4
7,43,1
7,44,2
7,45,3
7,46,4
7,47,5
7,48,2
7,49,3
7,50,4
7,51,5
7,52,3
7,53,4
7,54,5
7,55,1
7,56,2
7,57,3
7,58,4
7,59,3
7,60,4
7,61,5
7,62,2
7,63,2
7,64,1
7,65,1
7,66,1
7,67,1
7,68,3
7,69,4
7,70,5
7,71,3
7,72,3
7,73,4
7,74,5
7,75,1
7,76,2
7,77,3
7,78,4
7,79,3
7,80,4
7,81,5
7,82,2
7,83,2
7,84,1
7,85,1
7,86,1
7,87,1
7,88,3
7,89,4
7,90,5
7,91,3
7,92,2
7,93,3
7,94,4
7,95,1
7,96,2
7,97,3
7,98,4
7,99,5
7,100,2
7,101,3
7,102,4
7,103,5
7,104,3
7,105,4
7,106,5
7,107,1
7,108,2
7,109,3
7,110,4
7,111,3
7,112,4
7,113,5
7,114,2
7,115,2
7,116,1
7,117,1
7,118,1
7,119,1
7,120,3
7,121,4
7,122,5
7,123,3
7,124,2
7,125,3
7,126,4
7,127,1
7,128,3
7,129,4
7,130,5
7,131,1
7,132,2
7,133,3
7,134,4
8,0,3
8,1,4
8,2,5
8,3,2
8,4,2
8,5,1
8,6,1
8,7,1
8,8,1
8,9,3
8,10,4
8,11,5
8,12,3
8,13,2
8,14,3
8,15,4
8,16,1
8,17,2
8,18,3
8,19,4
8,20,5
8,21,2
8,22,3
8,23,4
8,24,5
8,25,3
8,26,4
8,27,5
8,28,1
8,29,2
8,30,3
8,31,4
8,32,3
8,33,4
8,34,5
8,35,2
8,36,2
8,37,1
8,38,1
8,39,1
8,40,1
8,41,3
8,42,4
8,43,5
8,44,3
8,45,4
8,46,5
8,47,1
8,48,2
8,49,3
8,50,4
8,51,3
8,52,4
8,53,5
8,54,2
8,55,2
8,56,1
8,57,1
8,58,1
8,59,1
8,60,3
8,61,4
8,62,5
8,63,3
8,64,2
8,65,3
8,66,4
8,67,1
8,68,2
8,69,3
8,70,4
8,71,5
8,72,2
8,73,3
8,74,4
8,75,5
8,76,3
8,77,4
8,78,5
8,79,1
8,80,2
8,81,3
8,82,4
8,83,3
8,84,3
8,85,4
8,86,5
8,87,1
8,88,2
8,89,3
8,90,4
8,91,3
8,92,4
8,93,5
8,94,2
8,95,2
8,96,1
8,97,1
8,98,1
8,99,1
8,100,3
8,101,4
8,102,5
8,103,3
8,104,2
8,105,3
8,106,4
8,107,1
8,108,2
8,109,3
8,110,4
8,111,5
8,112,2
8,113,3
8,114,4
8,115,5
8,116,3
8,117,4
8,118,5
8,119,1
8,120,2
8,121,3
8,122,4
8,123,5
8,124,1
8,125,2
8,126,3
8,127,4
8,128,3
8,129,4
8,130,5
8,131,2
8,132,2
8,133,1
8,134,1
9,0,1
9,1,1
9,2,3
9,3,4
9,4,5
9,5,3
9,6,4
9,7,5
9,8,1
9,9,2
9,10,3
9,11,4
9,12,3
9,13,4
9,14,5
9,15,2
9,16,2
9,17,1
9,18,1
9,19,1
9,20,1
9,21,3
9,22,4
9,23,5
9,24,3
9,25,3
9,26,4
9,27,5
9,28,1
9,29,2
9,30,3
9,31,4
9,32,3
9,33,4
9,34,5
9,35,2
9,36,2
9,37,1
9,38,1
9,39,1
9,40,1
9,41,3
9,42,4
9,43,5
9,44,3
9,45,4
9,46,5
9,47,1
9,48,2
9,49,3
9,50,4
9,51,3
9,52,4
9,53,5
9,54,2
9,55,2
9,56,1
9,57,1
9,58,1
9,59,1
9,60,3
9,61,4
9,62,5
9,63,3
9,64,2
9,65,3
9,66,4
9,67,1
9,68,2
9,69,3
9,70,4
9,71,5
9,72,2
9,73,3
9,74,3
9,75,4
9,76,5
9,77,1
9,78,2
9,79,3
9,80,4
9,81,3
9,82,4
9,83,5
9,84,2
9,85,2
9,86,1
9,87,1
9,88,1
9,89,1
9,90,3
9,91,4
9,92,5
9,93,3
9,94,2
9,95,3
9,96,4
9,97,1
9,98,2
9,99,3
9,100,4
9,101,5
9,102,1
9,103,2
9,104,3
9,105,4
9,106,3
9,107,4
9,108,5
9,109,3
9,110,4
9,111,5
9,112,1
9,113,2
9,114,3
9,115,4
9,116,3
9,117,4
9,118,5
9,119,2
9,120,2
9,121,1
9,122,1
9,123,1
9,124,1
9,125,3
9,126,3
9,127,4
9,128,5
9,129,1
9,130,2
9,131,3
9,132,4
9,133,3
9,134,4
10,0,5
10,1,2
10,2,2
10,3,1
10,4,1
10,5,1
10,6,1
10,7,3
10,8,4
10,9,3
10,10,4
10,11,5
10,12,1
10,13,2
10,14,3
10,15,4
10,16,3
10,17,4
10,18,5
10,19,2
10,20,2
10,21,1
10,22,1
10,23,1
10,24,1
10,25,3
10,26,4
10,27,5
10,28,3
10,29,2
10,30,3
10,31,4
10,32,1
10,33,2
10,34,3
10,35,4
10,36,5
10,37,2
10,38,3
10,39,4
10,40,5
10,41,3
10,42,4
10,43,5
10,44,1
10,45,2
10,46,3
10,47,4
10,48,3
10,49,4
10,50,5
10,51,2
10,52,2
10,53,1
10,54,1
10,55,1
10,56,1
10,57,3
10,58,4
10,59,5
10,60,3
10,61,2
10,62,3
10,63,4
10,64,1
10,65,2
10,66,3
10,67,4
10,68,1
10,69,2
10,70,3
10,71,4
10,72,3
10,73,4
10,74,5
10,75,2
10,76,2
10,77,1
10,78,1
10,79,1
10,80,1
10,81,2
10,82,3
10,83,4
10,84,3
10,85,4
10,86,5
10,87,2
10,88,2
10,89,1
10,90,1
10,91,1
10,92,1
10,93,3
10,94,4
10,95,5
10,96,3
10,97,2
10,98,3
10,99,3
10,100,4
10,101,5
10,102,1
10,103,2
10,104,3
10,105,4
10,106,3
10,107,4
10,108,5
10,109,2
10,110,2
10,111,1
10,112,1
10,113,1
10,114,1
10,115,3
10,116,4
10,117,3
10,118,4
10,119,5
10,120,1
10,121,2
10,122,3
10,123,4
10,124,3
10,125,4
10,126,5
10,127,2
10,128,2
10,129,1
10,130,1
10,131,1
10,132,1
10,133,3
10,134,4
11,0,5
11,1,3
11,2,2
11,3,3
11,4,4
11,5,1
11,6,2
11,7,3
11,8,4
11,9,5
11,10,2
11,11,3
11,12,4
11,13,5
11,14,3
11,15,4
11,16,5
11,17,1
11,18,2
11,19,3
11,20,4
11,21,3
11,22,4
11,23,5
11,24,2
11,25,2
11,26,3
11,27,4
11,28,5
11,29,1
11,30,2
11,31,3
11,32,4
11,33,3
11,34,4
11,35,5
11,36,2
11,37,2
11,38,1
11,39,1
11,40,1
11,41,1
11,42,3
11,43,4
11,44,5
11,45,3
11,46,2
11,47,3
11,48,4
11,49,1
11,50,2
11,51,3
11,52,4
11,53,5
11,54,2
11,55,3
11,56,4
11,57,5
11,58,3
11,59,4
11,60,5
11,61,1
11,62,2
11,63,3
11,64,3
11,65,4
11,66,5
11,67,1
11,68,2
11,69,3
11,70,4
11,71,3
11,72,4
11,73,5
11,74,2
11,75,2
11,76,1
11,77,1
11,78,1
11,79,1
11,80,3
11,81,3
11,82,4
11,83,5
11,84,1
11,85,2
11,86,3
11,87,4
11,88,3
11,89,4
11,90,5
11,91,2
11,92,2
11,93,1
11,94,1
11,95,1
11,96,1
11,97,3
11,98,4
11,99,5
11,100,1
11,101,2
11,102,3
11,103,4
11,104,5
11,105,1
11,106,2
11,107,3
11,108,4
11,109,3
11,110,4
11,111,5
11,112,2
11,113,2
11,114,1
11,115,1
11,116,1
11,117,1
11,118,3
11,119,4
11,120,5
11,121,3
11,122,2
11,123,3
11,124,4
11,125,1
11,126,2
11,127,3
11,128,4
11,129,5
11,130,2
11,131,3
11,132,4
11,133,5
11,134,3
12,0,4
12,1,5
12,2,1
12,3,2
12,4,3
12,5,4
12,6,3
12,7,4
12,8,5
12,9,2
12,10,2
12,11,1
12,12,1
12,13,1
12,14,1
12,15,3
12,16,4
12,17,5
12,18,3
12,19,2
12,20,3
12,21,4
12,22,1
12,23,2
12,24,3
12,25,4
12,26,1
12,27,2
12,28,3
12,29,4
12,30,3
12,31,4
12,32,5
12,33,2
12,34,2
12,35,1
12,36,1
12,37,1
12,38,1
12,39,2
12,40,3
12,41,4
12,42,3
12,43,4
12,44,3
12,45,4
12,46,5
12,47,1
12,48,2
12,49,3
12,50,4
12,51,3
12,52,4
12,53,5
12,54,2
12,55,2
12,56,1
12,57,1
12,58,1
12,59,1
12,60,3
12,61,4
12,62,5
12,63,3
12,64,2
12,65,3
12,66,4
12,67,3
12,68,4
12,69,5
12,70,1
12,71,2
12,72,3
12,73,4
12,74,3
12,75,4
12,76,5
12,77,2
12,78,2
12,79,1
12,80,1
12,81,1
12,82,1
12,83,3
12,84,4
12,85,5
12,86,3
12,87,2
12,88,3
12,89,4
12,90,1
12,91,2
12,92,3
12,93,4
12,94,5
12,95,2
12,96,3
12,97,4
12,98,5
12,99,3
12,100,4
12,101,5
12,102,1
12,103,2
12,104,3
12,105,4
12,106,3
12,107,4
12,108,5
12,109,2
12,110,2
12,111,1
12,112,1
12,113,1
12,114,1
12,115,3
12,116,4
12,117,5
12,118,3
12,119,2
12,120,3
12,121,4
12,122,1
12,123,2
12,124,3
12,125,4
12,126,1
12,127,2
12,128,3
12,129,4
12,130,3
12,131,4
12,132,5
12,133,2
12,134,2
13,0,1
13,1,1
13,2,1
13,3,1
13,4,2
13,5,3
13,6,3
13,7,4
13,8,5
13,9,1
13,10,2
13,11,3
13,12,4
13,13,3
13,14,4
13,15,5
13,16,2
13,17,2
13,18,1
13,19,1
13,20,1
13,21,1
13,22,3
13,23,4
13,24,5
13,25,3
13,26,2
13,27,3
13,28,4
13,29,1
13,30,2
13,31,3
13,32,4
13,33,5
13,34,2
13,35,3
13,36,4
13,37,5
13,38,3
13,39,4
13,40,5
13,41,1
13,42,2
13,43,3
13,44,4
13,45,3
13,46,4
13,47,5
13,48,2
13,49,2
13,50,1
13,51,1
13,52,1
13,53,1
13,54,3
13,55,4
13,56,5
13,57,3
13,58,2
13,59,3
13,60,4
13,61,1
13,62,2
13,63,3
13,64,4
13,65,1
13,66,2
13,67,3
13,68,4
13,69,3
13,70,4
13,71,5
13,72,2
13,73,2
13,74,1
13,75,1
13,76,1
13,77,1
13,78,2
13,79,3
13,80,4
13,81,3
13,82,4
13,83,5
13,84,2
13,85,2
13,86,1
13,87,1
13,88,1
13,89,1
13,90,3
13,91,4
13,92,5
13,93,3
13,94,2
13,95,3
13,96,4
13,97,1
13,98,2
13,99,3
13,100,1
13,101,3
13,102,4
13,103,5
13,104,3
13,105,2
13,106,1
13,107,2
13,108,3
13,109,4
13,110,3
13,111,4
13,112,5
13,113,2
13,114,2
13,115,1
13,116,1
13,117,1
13,118,1
13,119,3
13,120,4
13,121,1
13,122,2
13,123,3
13,124,4
13,125,3
13,126,4
13,127,5
13,128,2
13,129,2
13,130,1
13,131,1
13,132,1
13,133,1
13,134,3
14,0,4
14,1,1
14,2,2
14,3,3
14,4,4
14,5,3
14,6,4
14,7,5
14,8,2
14,9,2
14,10,1
14,11,1
14,12,1
14,13,1
14,14,3
14,15,4
14,16,5
14,17,1
14,18,2
14,19,3
14,20,4
14,21,3
14,22,4
14,23,5
14,24,2
14,25,2
14,26,1
14,27,1
14,28,1
14,29,1
14,30,3
14,31,4
14,32,5
14,33,3
14,34,2
14,35,3
14,36,3
14,37,4
14,38,5
14,39,1
14,40,2
14,41,3
14,42,4
14,43,3
14,44,4
14,45,5
14,46,2
14,47,2
14,48,1
14,49,1
14,50,1
14,51,1
14,52,3
14,53,4
14,54,5
14,55,3
14,56,2
14,57,3
14,58,4
14,59,1
14,60,2
14,61,3
14,62,4
14,63,5
14,64,3
14,65,4
14,66,5
14,67,1
14,68,2
14,69,3
14,70,4
14,71,3
14,72,4
14,73,5
14,74,2
14,75,2
14,76,1
14,77,1
14,78,1
14,79,1
14,80,3
14,81,4
14,82,3
14,83,4
14,84,5
14,85,1
14,86,2
14,87,3
14,88,4
14,89,3
14,90,4
14,91,5
14,92,2
14,93,2
14,94,1
14,95,1
14,96,1
14,97,1
14,98,3
14,99,4
14,100,5
14,101,3
14,102,2
14,103,3
14,104,4
14,105,1
14,106,2
14,107,3
14,108,4
14,109,5
14,110,2
14,111,3
14,112,4
14,113,5
14,114,3
14,115,4
14,116,5
14,117,1
14,118,2
14,119,3
14,120,4
14,121,3
14,122,4
14,123,5
14,124,2
14,125,2
14,126,1
14,127,1
14,128,1
14,129,1
14,130,3
14,131,4
14,132,5
14,133,3
14,134,3
15,0,4
15,1,5
15,2,1
15,3,2
15,4,3
15,5,4
15,6,3
15,7,4
15,8,5
15,9,2
15,10,2
15,11,1
15,12,1
15,13,1
15,14,1
15,15,3
15,16,4
15,17,5
15,18,3
15,19,2
15,20,3
15,21,4
15,22,1
15,23,2
15,24,3
15,25,4
15,26,5
15,27,2
15,28,3
15,29,4
15,30,5
15,31,3
15,32,4
15,33,5
15,34,1
15,35,2
15,36,3
15,37,4
15,38,3
15,39,4
15,40,5
15,41,2
15,42,2
15,43,1
15,44,1
15,45,1
15,46,1
15,47,3
15,48,4
15,49,5
15,50,3
15,51,2
15,52,3
15,53,4
15,54,1
15,55,2
15,56,3
15,57,4
15,58,1
15,59,2
15,60,3
15,61,4
15,62,3
15,63,4
15,64,5
15,65,2
15,66,2
15,67,1
15,68,1
15,69,1
15,70,1
15,71,2
15,72,3
15,73,4
15,74,3
15,75,4
15,76,5
15,77,2
15,78,2
15,79,1
15,80,1
15,81,1
15,82,1
15,83,3
15,84,4
15,85,5
15,86,3
15,87,2
15,88,3
15,89,4
15,90,1
15,91,2
15,92,3
15,93,1
15,94,3
15,95,4
15,96,5
15,97,3
15,98,2
15,99,1
15,100,2
15,101,3
15,102,4
15,103,3
15,104,4
15,105,5
15,106,2
15,107,2
15,108,1
15,109,1
15,110,1
15,111,1
15,112,3
15,113,4
15,114,1
15,115,2
15,116,3
15,117,4
15,118,3
15,119,4
15,120,5
15,121,2
15,122,2
15,123,1
15,124,1
15,125,1
15,126,1
15,127,3
15,128,4
15,129,1
15,130,2
15,131,3
15,132,4
15,133,3
15,134,4
16,0,5
16,1,2
16,2,2
16,3,1
16,4,1
16,5,1
16,6,1
16,7,3
16,8,4
16,9,5
16,10,3
16,11,3
16,12,4
16,13,5
16,14,1
16,15,2
16,16,3
16,17,4
16,18,3
16,19,4
16,20,5
16,21,2
16,22,2
16,23,1
16,24,1
16,25,1
16,26,1
16,27,3
16,28,4
16,29,5
16,30,3
16,31,2
16,32,3
16,33,4
16,34,1
16,35,2
16,36,3
16,37,4
16,38,5
16,39,2
16,40,3
16,41,4
16,42,5
16,43,3
16,44,3
16,45,4
16,46,5
16,47,1
16,48,2
16,49,3
16,50,4
16,51,3
16,52,4
16,53,5
16,54,2
16,55,2
16,56,1
16,57,1
16,58,3
16,59,4
16,60,5
16,61,1
16,62,2
16,63,3
16,64,4
16,65,3
16,66,4
16,67,5
16,68,2
16,69,2
16,70,1
16,71,1
16,72,1
16,73,1
16,74,3
16,75,4
16,76,5
16,77,3
16,78,2
16,79,3
16,80,4
16,81,1
16,82,2
16,83,3
16,84,4
16,85,5
16,86,2
16,87,3
16,88,4
16,89,5
16,90,3
16,91,4
16,92,5
16,93,1
16,94,2
16,95,3
16,96,4
16,97,3
16,98,4
16,99,5
16,100,2
16,101,2
16,102,1
16,103,1
16,104,1
16,105,1
16,106,3
16,107,4
16,108,5
16,109,3
16,110,2
16,111,3
16,112,4
16,113,1
16,114,2
16,115,3
16,116,4
16,117,1
16,118,2
16,119,3
16,120,4
16,121,3
16,122,4
16,123,5
16,124,2
16,125,2
16,126,1
16,127,1
16,128,1
16,129,1
16,130,2
16,131,3
16,132,4
16,133,3
16,134,4
17,0,5
17,1,2
17,2,2
17,3,1
17,4,1
17,5,1
17,6,1
17,7,3
17,8,4
17,9,5
17,10,3
17,11,2
17,12,3
17,13,4
17,14,1
17,15,2
17,16,3
17,17,1
17,18,3
17,19,4
17,20,5
17,21,3
17,22,2
17,23,1
17,24,2
17,25,3
17,26,4
17,27,3
17,28,4
17,29,5
17,30,2
17,31,2
17,32,1
17,33,1
17,34,1
17,35,1
17,36,3
17,37,4
17,38,1
17,39,2
17,40,3
17,41,4
17,42,3
17,43,4
17,44,5
17,45,2
17,46,2
17,47,1
17,48,1
17,49,1
17,50,1
17,51,3
17,52,4
17,53,1
17,54,2
17,55,3
17,56,4
17,57,3
17,58,4
17,59,5
17,60,2
17,61,2
17,62,1
17,63,1
17,64,3
17,65,4
17,66,5
17,67,1
17,68,2
17,69,3
17,70,4
17,71,3
17,72,4
17,73,5
17,74,2
17,75,2
17,76,1
17,77,1
17,78,1
17,79,1
17,80,3
17,81,4
17,82,5
17,83,3
17,84,2
17,85,3
17,86,4
17,87,1
17,88,2
17,89,3
17,90,4
17,91,5
17,92,1
17,93,2
17,94,3
17,95,4
17,96,3
17,97,4
17,98,5
17,99,2
17,100,2
17,101,1
17,102,1
17,103,1
17,104,1
17,105,3
17,106,4
17,107,5
17,108,3
17,109,2
17,110,3
17,111,4
17,112,1
17,113,2
17,114,3
17,115,4
17,116,5
17,117,2
17,118,3
17,119,4
17,120,5
17,121,3
17,122,4
17,123,5
17,124,3
17,125,4
17,126,5
17,127,1
17,128,2
17,129,3
17,130,4
17,131,3
17,132,4
17,133,5
17,134,2
18,0,2
18,1,1
18,2,1
18,3,1
18,4,1
18,5,3
18,6,4
18,7,5
18,8,3
18,9,2
18,10,3
18,11,4
18,12,1
18,13,2
18,14,3
18,15,4
18,16,5
18,17,2
18,18,3
18,19,4
18,20,5
18,21,3
18,22,4
18,23,5
18,24,1
18,25,2
18,26,3
18,27,4
18,28,3
18,29,4
18,30,5
18,31,2
18,32,2
18,33,1
18,34,1
18,35,1
18,36,1
18,37,3
18,38,4
18,39,5
18,40,3
18,41,2
18,42,3
18,43,4
18,44,1
18,45,2
18,46,3
18,47,4
18,48,1
18,49,2
18,50,3
18,51,4
18,52,3
18,53,4
18,54,5
18,55,2
18,56,2
18,57,1
18,58,1
18,59,1
18,60,1
18,61,2
18,62,3
18,63,4
18,64,3
18,65,4
18,66,5
18,67,1
18,68,2
18,69,3
18,70,4
18,71,3
18,72,4
18,73,5
18,74,2
18,75,2
18,76,1
18,77,1
18,78,1
18,79,1
18,80,3
18,81,4
18,82,5
18,83,3
18,84,2
18,85,3
18,86,4
18,87,1
18,88,2
18,89,3
18,90,4
18,91,5
18,92,2
18,93,3
18,94,4
18,95,5
18,96,3
18,97,4
18,98,5
18,99,1
18,100,2
18,101,3
18,102,4
18,103,3
18,104,4
18,105,5
18,106,2
18,107,2
18,108,1
18,109,1
18,110,1
18,111,1
18,112,3
18,113,4
18,114,5
18,115,3
18,116,2
18,117,3
18,118,4
18,119,1
18,120,2
18,121,3
18,122,4
18,123,1
18,124,2
18,125,3
18,126,4
18,127,3
18,128,4
18,129,5
18,130,2
18,131,2
18,132,1
18,133,1
18,134,1
19,0,1
19,1,2
19,2,3
19,3,4
19,4,3
19,5,4
19,6,5
19,7,2
19,8,2
19,9,1
19,10,1
19,11,1
19,12,1
19,13,3
19,14,4
19,15,5
19,16,3
19,17,2
19,18,3
19,19,4
19,20,1
19,21,2
19,22,3
19,23,1
19,24,3
19,25,4
19,26,5
19,27,3
19,28,2
19,29,1
19,30,2
19,31,3
19,32,4
19,33,3
19,34,4
19,35,5
19,36,2
19,37,2
19,38,1
19,39,1
19,40,1
19,41,1
19,42,3
19,43,4
19,44,1
19,45,2
19,46,3
19,47,4
19,48,3
19,49,4
19,50,5
19,51,2
19,52,2
19,53,1
19,54,1
19,55,1
19,56,1
19,57,3
19,58,4
19,59,1
19,60,2
19,61,3
19,62,4
19,63,5
19,64,1
19,65,2
19,66,3
19,67,4
19,68,3
19,69,4
19,70,5
19,71,2
19,72,2
19,73,1
19,74,1
19,75,1
19,76,1
19,77,3
19,78,4
19,79,5
19,80,3
19,81,2
19,82,3
19,83,4
19,84,1
19,85,2
19,86,3
19,87,4
19,88,5
19,89,2
19,90,3
19,91,4
19,92,5
19,93,3
19,94,4
19,95,5
19,96,1
19,97,2
19,98,3
19,99,4
19,100,5
19,101,1
19,102,2
19,103,3
19,104,4
19,105,3
19,106,4
19,107,5
19,108,2
19,109,2
19,110,1
19,111,1
19,112,1
19,113,1
19,114,3
19,115,4
19,116,5
19,117,3
19,118,2
19,119,3
19,120,4
19,121,1
19,122,2
19,123,3
19,124,4
19,125,5
19,126,2
19,127,3
19,128,4
19,129,5
19,130,3
19,131,4
19,132,5
19,133,1
19,134,2
20,0,3
20,1,4
20,2,3
20,3,4
20,4,5
20,5,2
20,6,2
20,7,1
20,8,1
20,9,1
20,10,1
20,11,3
20,12,4
20,13,5
20,14,3
20,15,2
20,16,3
20,17,4
20,18,1
20,19,2
20,20,3
20,21,4
20,22,1
20,23,2
20,24,3
20,25,4
20,26,3
20,27,4
20,28,5
20,29,2
20,30,2
20,31,1
20,32,1
20,33,1
20,34,1
20,35,2
20,36,3
20,37,4
20,38,3
20,39,4
20,40,5
20,41,1
20,42,2
20,43,3
20,44,4
20,45,3
20,46,4
20,47,5
20,48,2
20,49,2
20,50,1
20,51,1
20,52,1
20,53,1
20,54,3
20,55,4
20,56,5
20,57,3
20,58,2
20,59,3
20,60,4
20,61,1
20,62,2
20,63,3
20,64,4
20,65,5
20,66,2
20,67,3
20,68,4
20,69,5
20,70,3
20,71,4
20,72,5
20,73,1
20,74,2
20,75,3
20,76,4
20,77,3
20,78,4
20,79,5
20,80,2
20,81,2
20,82,1
20,83,1
20,84,1
20,85,1
20,86,3
20,87,4
20,88,5
20,89,3
20,90,2
20,91,3
20,92,4
20,93,1
20,94,2
20,95,3
20,96,4
20,97,1
20,98,2
20,99,3
20,100,4
20,101,3
20,102,4
20,103,5
20,104,2
20,105,2
20,106,1
20,107,1
20,108,1
20,109,1
20,110,2
20,111,3
20,112,4
20,113,3
20,114,4
20,115,5
20,116,2
20,117,2
20,118,1
20,119,1
20,120,1
20,121,1
20,122,3
20,123,4
20,124,5
20,125,3
20,126,2
20,127,3
20,128,4
20,129,1
20,130,2
20,131,3
20,132,1
20,133,3
20,134,4
21,0,5
21,1,3
21,2,2
21,3,1
21,4,2
21,5,3
21,6,4
21,7,3
21,8,4
21,9,5
21,10,2
21,11,2
21,12,1
21,13,1
21,14,1
21,15,1
21,16,3
21,17,4
21,18,1
21,19,2
21,20,3
21,21,4
21,22,3
21,23,4
21,24,5
21,25,2
21,26,2
21,27,1
21,28,1
21,29,1
21,30,1
21,31,3
21,32,4
21,33,1
21,34,2
21,35,3
21,36,4
21,37,3
21,38,4
21,39,3
21,40,4
21,41,5
21,42,1
21,43,2
21,44,3
21,45,4
21,46,3
21,47,4
21,48,5
21,49,2
21,50,2
21,51,1
21,52,1
21,53,1
21,54,1
21,55,3
21,56,4
21,57,5
21,58,3
21,59,2
21,60,3
21,61,4
21,62,3
21,63,4
21,64,5
21,65,1
21,66,2
21,67,3
21,68,4
21,69,3
21,70,4
21,71,5
21,72,2
21,73,2
21,74,1
21,75,1
21,76,1
21,77,1
21,78,3
21,79,4
21,80,5
21,81,3
21,82,2
21,83,3
21,84,4
21,85,5
21,86,1
21,87,2
21,88,3
21,89,4
21,90,3
21,91,4
21,92,5
21,93,2
21,94,2
21,95,1
21,96,1
21,97,1
21,98,1
21,99,3
21,100,4
21,101,5
21,102,3
21,103,2
21,104,3
21,105,4
21,106,5
21,107,1
21,108,2
21,109,3
21,110,4
21,111,3
21,112,4
21,113,5
21,114,2
21,115,2
21,116,1
21,117,1
21,118,1
21,119,1
21,120,3
21,121,4
21,122,5
21,123,3
21,124,2
21,125,3
21,126,4
21,127,1
21,128,2
21,129,3
21,130,4
21,131,5
21,132,2
21,133,3
21,134,4
22,0,5
22,1,3
22,2,4
22,3,5
22,4,1
22,5,2
22,6,3
22,7,4
22,8,3
22,9,4
22,10,5
22,11,2
22,12,2
22,13,1
22,14,1
22,15,1
22,16,1
22,17,3
22,18,4
22,19,5
22,20,3
22,21,2
22,22,3
22,23,4
22,24,1
22,25,2
22,26,3
22,27,4
22,28,1
22,29,2
22,30,3
22,31,4
22,32,3
22,33,4
22,34,5
22,35,2
22,36,2
22,37,1
22,38,1
22,39,1
22,40,1
22,41,2
22,42,3
22,43,4
22,44,3
22,45,4
22,46,5
22,47,2
22,48,2
22,49,1
22,50,1
22,51,1
22,52,1
22,53,3
22,54,4
22,55,5
22,56,3
22,57,2
22,58,3
22,59,4
22,60,1
22,61,2
22,62,3
22,63,1
22,64,3
22,65,4
22,66,5
22,67,3
22,68,2
22,69,1
22,70,2
22,71,3
22,72,4
22,73,3
22,74,4
22,75,5
22,76,2
22,77,2
22,78,1
22,79,1
22,80,1
22,81,1
22,82,3
22,83,4
22,84,1
22,85,2
22,86,3
22,87,4
22,88,3
22,89,4
22,90,5
22,91,2
22,92,2
22,93,1
22,94,1
22,95,1
22,96,1
22,97,3
22,98,4
22,99,3
22,100,4
22,101,5
22,102,1
22,103,2
22,104,3
22,105,4
22,106,3
22,107,4
22,108,5
22,109,2
22,110,2
22,111,1
22,112,1
22,113,1
22,114,1
22,115,3
22,116,4
22,117,5
22,118,3
22,119,2
22,120,3
22,121,4
22,122,3
22,123,4
22,124,5
22,125,1
22,126,2
22,127,3
22,128,4
22,129,3
22,130,4
22,131,5
22,132,2
22,133,2
22,134,1
23,0,1
23,1,1
23,2,1
23,3,3
23,4,4
23,5,5
23,6,3
23,7,2
23,8,3
23,9,4
23,10,5
23,11,1
23,12,2
23,13,3
23,14,4
23,15,3
23,16,4
23,17,5
23,18,2
23,19,2
23,20,1
23,21,1
23,22,1
23,23,3
23,24,4
23,25,5
23,26,1
23,27,2
23,28,3
23,29,4
23,30,3
23,31,4
23,32,5
23,33,2
23,34,2
23,35,1
23,36,1
23,37,1
23,38,1
23,39,3
23,40,4
23,41,5
23,42,3
23,43,2
23,44,3
23,45,4
23,46,1
23,47,2
23,48,3
23,49,4
23,50,5
23,51,2
23,52,3
23,53,4
23,54,5
23,55,3
23,56,4
23,57,5
23,58,1
23,59,2
23,60,3
23,61,4
23,62,3
23,63,4
23,64,5
23,65,2
23,66,2
23,67,1
23,68,1
23,69,1
23,70,1
23,71,3
23,72,4
23,73,5
23,74,3
23,75,2
23,76,3
23,77,4
23,78,1
23,79,2
23,80,3
23,81,4
23,82,1
23,83,2
23,84,3
23,85,4
23,86,3
23,87,4
23,88,5
23,89,2
23,90,2
23,91,1
23,92,1
23,93,1
23,94,1
23,95,2
23,96,3
23,97,4
23,98,3
23,99,4
23,100,5
23,101,2
23,102,2
23,103,1
23,104,1
23,105,1
23,106,1
23,107,3
23,108,4
23,109,5
23,110,3
23,111,2
23,112,3
23,113,4
23,114,1
23,115,2
23,116,3
23,117,1
23,118,3
23,119,4
23,120,5
23,121,3
23,122,2
23,123,1
23,124,2
23,125,3
23,126,4
23,127,3
23,128,4
23,129,5
23,130,2
23,131,2
23,132,1
23,133,1
23,134,1
24,0,1
24,1,3
24,2,4
24,3,1
24,4,2
24,5,3
24,6,4
24,7,3
24,8,4
24,9,5
24,10,2
24,11,2
24,12,1
24,13,1
24,14,1
24,15,1
24,16,3
24,17,4
24,18,1
24,19,2
24,20,3
24,21,4
24,22,3
24,23,4
24,24,5
24,25,2
24,26,2
24,27,1
24,28,1
24,29,1
24,30,1
24,31,3
24,32,4
24,33,5
24,34,3
24,35,3
24,36,4
24,37,5
24,38,1
24,39,2
24,40,3
24,41,4
24,42,3
24,43,4
24,44,5
24,45,2
24,46,2
24,47,1
24,48,1
24,49,1
24,50,1
24,51,3
24,52,4
24,53,5
24,54,3
24,55,2
24,56,3
24,57,4
24,58,1
24,59,2
24,60,3
24,61,4
24,62,5
24,63,2
24,64,3
24,65,4
24,66,5
24,67,3
24,68,4
24,69,3
24,70,4
24,71,5
24,72,1
24,73,2
24,74,3
24,75,4
24,76,3
24,77,4
24,78,5
24,79,2
24,80,2
24,81,1
24,82,1
24,83,1
24,84,1
24,85,3
24,86,4
24,87,5
24,88,3
24,89,2
24,90,3
24,91,4
24,92,1
24,93,2
24,94,3
24,95,4
24,96,5
24,97,2
24,98,3
24,99,4
24,100,5
24,101,3
24,102,3
24,103,4
24,104,5
24,105,1
24,106,2
24,107,3
24,108,4
24,109,3
24,110,4
24,111,5
24,112,2
24,113,2
24,114,1
24,115,1
24,116,1
24,117,1
24,118,3
24,119,4
24,120,5
24,121,3
24,122,2
24,123,3
24,124,4
24,125,1
24,126,2
24,127,3
24,128,4
24,129,5
24,130,2
24,131,3
24,132,4
24,133,5
24,134,3
25,0,4
25,1,5
25,2,1
25,3,2
25,4,3
25,5,4
25,6,3
25,7,4
25,8,5
25,9,2
25,10,2
25,11,1
25,12,1
25,13,1
25,14,1
25,15,3
25,16,4
25,17,5
25,18,3
25,19,2
25,20,3
25,21,4
25,22,1
25,23,2
25,24,3
25,25,4
25,26,1
25,27,2
25,28,3
25,29,4
25,30,3
25,31,4
25,32,5
25,33,2
25,34,2
25,35,1
25,36,1
25,37,1
25,38,1
25,39,2
25,40,3
25,41,4
25,42,3
25,43,4
25,44,5
25,45,2
25,46,2
25,47,1
25,48,1
25,49,1
25,50,1
25,51,3
25,52,4
25,53,5
25,54,3
25,55,2
25,56,3
25,57,4
25,58,1
25,59,2
25,60,3
25,61,1
25,62,3
25,63,4
25,64,5
25,65,3
25,66,2
25,67,1
25,68,2
25,69,3
25,70,4
25,71,3
25,72,4
25,73,5
25,74,2
25,75,2
25,76,1
25,77,1
25,78,1
25,79,1
25,80,3
25,81,4
25,82,1
25,83,2
25,84,3
25,85,4
25,86,3
25,87,4
25,88,5
25,89,2
25,90,2
25,91,1
25,92,1
25,93,1
25,94,1
25,95,3
25,96,4
25,97,1
25,98,2
25,99,3
25,100,4
25,101,3
25,102,4
25,103,5
25,104,2
25,105,2
25,106,1
25,107,1
25,108,1
25,109,1
25,110,3
25,111,4
25,112,5
25,113,3
25,114,3
25,115,4
25,116,5
25,117,1
25,118,2
25,119,3
25,120,4
25,121,3
25,122,4
25,123,5
25,124,2
25,125,2
25,126,1
25,127,1
25,128,1
25,129,1
25,130,3
25,131,3
25,132,4
25,133,5
25,134,1
26,0,2
26,1,3
26,2,4
26,3,3
26,4,4
26,5,5
26,6,2
26,7,2
26,8,1
26,9,1
26,10,1
26,11,1
26,12,3
26,13,3
26,14,4
26,15,5
26,16,1
26,17,2
26,18,3
26,19,4
26,20,3
26,21,4
26,22,5
26,23,2
26,24,2
26,25,1
26,26,1
26,27,1
26,28,1
26,29,3
26,30,4
26,31,5
26,32,3
26,33,2
26,34,3
26,35,4
26,36,3
26,37,4
26,38,5
26,39,1
26,40,2
26,41,3
26,42,4
26,43,3
26,44,4
26,45,5
26,46,2
26,47,2
26,48,1
26,49,1
26,50,1
26,51,1
26,52,3
26,53,4
26,54,5
26,55,3
26,56,2
26,57,3
26,58,4
26,59,1
26,60,2
26,61,3
26,62,4
26,63,5
26,64,2
26,65,3
26,66,4
26,67,5
26,68,3
26,69,4
26,70,5
26,71,1
26,72,2
26,73,3
26,74,4
26,75,3
26,76,4
26,77,5
26,78,2
26,79,2
26,80,1
26,81,1
26,82,1
26,83,1
26,84,3
26,85,4
26,86,5
26,87,3
26,88,2
26,89,3
26,90,4
26,91,1
26,92,2
26,93,3
26,94,4
26,95,1
26,96,2
26,97,3
26,98,4
26,99,3
26,100,4
26,101,5
26,102,2
26,103,2
26,104,1
26,105,1
26,106,1
26,107,1
26,108,2
26,109,3
26,110,4
26,111,3
26,112,4
26,113,5
26,114,2
26,115,2
26,116,1
26,117,1
26,118,1
26,119,1
26,120,3
26,121,4
26,122,5
26,123,3
26,124,2
26,125,3
26,126,4
26,127,1
26,128,2
26,129,3
26,130,1
26,131,3
26,132,4
26,133,5
26,134,3
27,0,2
27,1,1
27,2,2
27,3,3
27,4,4
27,5,3
27,6,3
27,7,4
27,8,5
27,9,1
27,10,2
27,11,3
27,12,4
27,13,3
27,14,4
27,15,5
27,16,2
27,17,2
27,18,1
27,19,1
27,20,1
27,21,1
27,22,3
27,23,4
27,24,5
27,25,3
27,26,2
27,27,3
27,28,4
27,29,1
27,30,2
27,31,3
27,32,4
27,33,5
27,34,2
27,35,3
27,36,4
27,37,5
27,38,3
27,39,4
27,40,5
27,41,1
27,42,2
27,43,3
27,44,4
27,45,3
27,46,4
27,47,5
27,48,2
27,49,2
27,50,1
27,51,1
27,52,1
27,53,1
27,54,3
27,55,4
27,56,5
27,57,3
27,58,2
27,59,3
27,60,4
27,61,1
27,62,2
27,63,3
27,64,4
27,65,1
27,66,2
27,67,3
27,68,4
27,69,3
27,70,4
27,71,5
27,72,2
27,73,2
27,74,1
27,75,1
27,76,1
27,77,1
27,78,2
27,79,3
27,80,4
27,81,3
27,82,4
27,83,5
27,84,2
27,85,2
27,86,1
27,87,1
27,88,1
27,89,1
27,90,3
27,91,4
27,92,5
27,93,3
27,94,2
27,95,3
27,96,4
27,97,1
27,98,2
27,99,3
27,100,1
27,101,3
27,102,4
27,103,5
27,104,3
27,105,2
27,106,1
27,107,2
27,108,3
27,109,4
27,110,3
27,111,4
27,112,5
27,113,2
27,114,2
27,115,1
27,116,1
27,117,1
27,118,1
27,119,3
27,120,4
27,121,1
27,122,2
27,123,3
27,124,4
27,125,3
27,126,4
27,127,5
27,128,2
27,129,2
27,130,1
27,131,1
27,132,1
27,133,1
27,134,3
28,0,4
28,1,1
28,2,2
28,3,3
28,4,4
28,5,3
28,6,4
28,7,5
28,8,2
28,9,2
28,10,1
28,11,1
28,12,1
28,13,1
28,14,3
28,15,4
28,16,5
28,17,3
28,18,2
28,19,3
28,20,4
28,21,1
28,22,2
28,23,3
28,24,3
28,25,4
28,26,3
28,27,4
28,28,5
28,29,2
28,30,2
28,31,1
28,32,1
28,33,1
28,34,1
28,35,3
28,36,4
28,37,1
28,38,2
28,39,3
28,40,4
28,41,3
28,42,4
28,43,5
28,44,2
28,45,2
28,46,1
28,47,1
28,48,1
28,49,1
28,50,3
28,51,4
28,52,3
28,53,4
28,54,5
28,55,1
28,56,2
28,57,3
28,58,4
28,59,3
28,60,4
28,61,5
28,62,1
28,63,2
28,64,3
28,65,4
28,66,3
28,67,4
28,68,5
28,69,2
28,70,2
28,71,1
28,72,1
28,73,1
28,74,1
28,75,3
28,76,4
28,77,5
28,78,3
28,79,4
28,80,5
28,81,1
28,82,2
28,83,3
28,84,4
28,85,3
28,86,4
28,87,5
28,88,2
28,89,2
28,90,1
28,91,1
28,92,1
28,93,1
28,94,3
28,95,4
28,96,5
28,97,3
28,98,2
28,99,3
28,100,4
28,101,1
28,102,2
28,103,3
28,104,4
28,105,5
28,106,2
28,107,3
28,108,4
28,109,5
28,110,3
28,111,4
28,112,5
28,113,1
28,114,2
28,115,3
28,116,4
28,117,3
28,118,4
28,119,5
28,120,2
28,121,2
28,122,1
28,123,1
28,124,1
28,125,1
28,126,3
28,127,4
28,128,5
28,129,3
28,130,2
28,131,3
28,132,4
28,133,1
28,134,2
29,0,3
29,1,3
29,2,4
29,3,5
29,4,1
29,5,2
29,6,3
29,7,4
29,8,3
29,9,4
29,10,5
29,11,2
29,12,2
29,13,1
29,14,1
29,15,1
29,16,1
29,17,3
29,18,4
29,19,5
29,20,3
29,21,2
29,22,3
29,23,4
29,24,1
29,25,3
29,26,4
29,27,5
29,28,1
29,29,2
29,30,3
29,31,4
29,32,3
29,33,4
29,34,5
29,35,2
29,36,2
29,37,1
29,38,1
29,39,1
29,40,1
29,41,3
29,42,4
29,43,5
29,44,3
29,45,2
29,46,3
29,47,4
29,48,1
29,49,2
29,50,3
29,51,4
29,52,5
29,53,2
29,54,3
29,55,4
29,56,5
29,57,3
29,58,4
29,59,5
29,60,1
29,61,2
29,62,3
29,63,4
29,64,3
29,65,4
29,66,5
29,67,2
29,68,2
29,69,1
29,70,1
29,71,3
29,72,4
29,73,5
29,74,1
29,75,2
29,76,3
29,77,4
29,78,3
29,79,4
29,80,5
29,81,2
29,82,2
29,83,1
29,84,1
29,85,1
29,86,1
29,87,3
29,88,4
29,89,5
29,90,3
29,91,2
29,92,3
29,93,4
29,94,1
29,95,2
29,96,3
29,97,4
29,98,5
29,99,2
29,100,3
29,101,3
29,102,4
29,103,5
29,104,1
29,105,2
29,106,3
29,107,4
29,108,3
29,109,4
29,110,5
29,111,2
29,112,2
29,113,1
29,114,1
29,115,1
29,116,1
29,117,3
29,118,4
29,119,5
29,120,1
29,121,2
29,122,3
29,123,4
29,124,3
29,125,4
29,126,5
29,127,2
29,128,2
29,129,1
29,130,1
29,131,1
29,132,1
29,133,3
29,134,4
30,0,5
30,1,3
30,2,2
30,3,3
30,4,4
30,5,1
30,6,2
30,7,3
30,8,4
30,9,5
30,10,2
30,11,3
30,12,4
30,13,5
30,14,3
30,15,4
30,16,5
30,17,1
30,18,2
30,19,3
30,20,4
30,21,3
30,22,4
30,23,5
30,24,2
30,25,2
30,26,1
30,27,1
30,28,1
30,29,1
30,30,3
30,31,4
30,32,5
30,33,1
30,34,2
30,35,3
30,36,4
30,37,3
30,38,4
30,39,5
30,40,2
30,41,2
30,42,1
30,43,1
30,44,1
30,45,1
30,46,3
30,47,4
30,48,5
30,49,3
30,50,2
30,51,3
30,52,4
30,53,1
30,54,2
30,55,3
30,56,4
30,57,5
30,58,2
30,59,3
30,60,4
30,61,5
30,62,3
30,63,4
30,64,5
30,65,1
30,66,2
30,67,3
30,68,4
30,69,3
30,70,4
30,71,5
30,72,2
30,73,2
30,74,1
30,75,1
30,76,1
30,77,1
30,78,3
30,79,4
30,80,5
30,81,3
30,82,2
30,83,3
30,84,4
30,85,1
30,86,2
30,87,3
30,88,4
30,89,1
30,90,2
30,91,3
30,92,4
30,93,3
30,94,4
30,95,3
30,96,4
30,97,5
30,98,1
30,99,2
30,100,3
30,101,4
30,102,3
30,103,4
30,104,5
30,105,2
30,106,2
30,107,1
30,108,1
30,109,1
30,110,1
30,111,3
30,112,4
30,113,5
30,114,3
30,115,2
30,116,3
30,117,4
30,118,1
30,119,2
30,120,3
30,121,4
30,122,5
30,123,2
30,124,3
30,125,4
30,126,5
30,127,3
30,128,4
30,129,3
30,130,4
30,131,5
30,132,1
30,133,2
30,134,3
31,0,4
31,1,3
31,2,4
31,3,5
31,4,2
31,5,2
31,6,1
31,7,1
31,8,1
31,9,1
31,10,3
31,11,4
31,12,5
31,13,3
31,14,2
31,15,3
31,16,4
31,17,1
31,18,2
31,19,3
31,20,4
31,21,5
31,22,2
31,23,3
31,24,4
31,25,5
31,26,3
31,27,4
31,28,5
31,29,1
31,30,2
31,31,3
31,32,4
31,33,3
31,34,4
31,35,5
31,36,2
31,37,2
31,38,1
31,39,1
31,40,1
31,41,1
31,42,3
31,43,4
31,44,5
31,45,3
31,46,2
31,47,3
31,48,4
31,49,1
31,50,2
31,51,3
31,52,4
31,53,1
31,54,2
31,55,3
31,56,4
31,57,3
31,58,4
31,59,5
31,60,2
31,61,2
31,62,1
31,63,1
31,64,1
31,65,1
31,66,2
31,67,3
31,68,4
31,69,3
31,70,4
31,71,5
31,72,2
31,73,2
31,74,1
31,75,1
31,76,1
31,77,1
31,78,3
31,79,4
31,80,5
31,81,3
31,82,2
31,83,3
31,84,4
31,85,1
31,86,2
31,87,3
31,88,1
31,89,3
31,90,4
31,91,5
31,92,3
31,93,2
31,94,1
31,95,2
31,96,3
31,97,4
31,98,3
31,99,4
31,100,5
31,101,2
31,102,2
31,103,1
31,104,1
31,105,1
31,106,1
31,107,3
31,108,4
31,109,1
31,110,2
31,111,3
31,112,4
31,113,3
31,114,4
31,115,5
31,116,2
31,117,2
31,118,1
31,119,1
31,120,1
31,121,1
31,122,3
31,123,4
31,124,1
31,125,2
31,126,3
31,127,4
31,128,3
31,129,4
31,130,5
31,131,2
31,132,2
31,133,1
31,134,1
32,0,1
32,1,1
32,2,3
32,3,3
32,4,4
32,5,5
32,6,1
32,7,2
32,8,3
32,9,4
32,10,3
32,11,4
32,12,5
32,13,2
32,14,2
32,15,1
32,16,1
32,17,1
32,18,1
32,19,3
32,20,3
32,21,4
32,22,5
32,23,1
32,24,2
32,25,3
32,26,4
32,27,3
32,28,4
32,29,5
32,30,2
32,31,2
32,32,1
32,33,1
32,34,1
32,35,1
32,36,3
32,37,4
32,38,5
32,39,3
32,40,2
32,41,3
32,42,4
32,43,1
32,44,2
32,45,3
32,46,4
32,47,5
32,48,2
32,49,3
32,50,4
32,51,5
32,52,3
32,53,4
32,54,5
32,55,3
32,56,4
32,57,5
32,58,1
32,59,2
32,60,3
32,61,4
32,62,3
32,63,4
32,64,5
32,65,2
32,66,2
32,67,1
32,68,1
32,69,1
32,70,1
32,71,3
32,72,4
32,73,5
32,74,3
32,75,2
32,76,3
32,77,4
32,78,1
32,79,2
32,80,3
32,81,4
32,82,5
32,83,2
32,84,3
32,85,4
32,86,5
32,87,3
32,88,4
32,89,5
32,90,1
32,91,2
32,92,3
32,93,4
32,94,3
32,95,4
32,96,5
32,97,2
32,98,2
32,99,1
32,100,1
32,101,1
32,102,1
32,103,3
32,104,4
32,105,5
32,106,3
32,107,2
32,108,3
32,109,3
32,110,4
32,111,5
32,112,1
32,113,2
32,114,3
32,115,4
32,116,3
32,117,4
32,118,5
32,119,2
32,120,2
32,121,1
32,122,1
32,123,1
32,124,1
32,125,3
32,126,4
32,127,5
32,128,3
32,129,2
32,130,3
32,131,3
32,132,4
32,133,5
32,134,1
33,0,2
33,1,3
33,2,4
33,3,3
33,4,3
33,5,4
33,6,5
33,7,1
33,8,2
33,9,3
33,10,4
33,11,3
33,12,4
33,13,5
33,14,2
33,15,2
33,16,1
33,17,1
33,18,1
33,19,1
33,20,3
33,21,4
33,22,5
33,23,3
33,24,2
33,25,3
33,26,4
33,27,1
33,28,2
33,29,3
33,30,4
33,31,5
33,32,1
33,33,2
33,34,3
33,35,4
33,36,3
33,37,4
33,38,5
33,39,2
33,40,2
33,41,1
33,42,1
33,43,1
33,44,1
33,45,3
33,46,4
33,47,5
33,48,3
33,49,2
33,50,3
33,51,4
33,52,1
33,53,2
33,54,3
33,55,4
33,56,5
33,57,2
33,58,3
33,59,3
33,60,4
33,61,5
33,62,1
33,63,2
33,64,3
33,65,4
33,66,3
33,67,4
33,68,5
33,69,2
33,70,2
33,71,1
33,72,1
33,73,1
33,74,1
33,75,3
33,76,3
33,77,4
33,78,5
33,79,1
33,80,2
33,81,3
33,82,4
33,83,3
33,84,4
33,85,5
33,86,2
33,87,2
33,88,1
33,89,1
33,90,1
33,91,1
33,92,3
33,93,4
33,94,5
33,95,1
33,96,2
33,97,3
33,98,4
33,99,3
33,100,4
33,101,5
33,102,2
33,103,2
33,104,1
33,105,1
33,106,1
33,107,1
33,108,3
33,109,4
33,110,5
33,111,3
33,112,2
33,113,3
33,114,4
33,115,1
33,116,2
33,117,3
33,118,4
33,119,5
33,120,2
33,121,3
33,122,4
33,123,5
33,124,3
33,125,4
33,126,5
33,127,1
33,128,2
33,129,3
33,130,4
33,131,3
33,132,4
33,133,5
33,134,2
34,0,2
34,1,1
34,2,1
34,3,1
34,4,1
34,5,3
34,6,4
34,7,5
34,8,3
34,9,2
34,10,3
34,11,4
34,12,1
34,13,2
34,14,3
34,15,4
34,16,1
34,17,2
34,18,3
34,19,4
34,20,3
34,21,4
34,22,5
34,23,2
34,24,3
34,25,4
34,26,5
34,27,1
34,28,2
34,29,3
34,30,4
34,31,3
34,32,4
34,33,5
34,34,2
34,35,2
34,36,1
34,37,1
34,38,1
34,39,1
34,40,3
34,41,4
34,42,5
34,43,3
34,44,3
34,45,4
34,46,5
34,47,1
34,48,2
34,49,3
34,50,4
34,51,3
34,52,4
34,53,5
34,54,2
34,55,2
34,56,1
34,57,1
34,58,1
34,59,3
34,60,4
34,61,5
34,62,1
34,63,2
34,64,3
34,65,4
34,66,3
34,67,4
34,68,5
34,69,2
34,70,2
34,71,1
34,72,1
34,73,1
34,74,1
34,75,3
34,76,4
34,77,5
34,78,3
34,79,2
34,80,3
34,81,4
34,82,1
34,83,2
34,84,3
34,85,4
34,86,5
34,87,2
34,88,3
34,89,4
34,90,5
34,91,3
34,92,4
34,93,5
34,94,1
34,95,2
34,96,3
34,97,4
34,98,3
34,99,4
34,100,5
34,101,2
34,102,2
34,103,1
34,104,1
34,105,1
34,106,1
34,107,3
34,108,4
34,109,5
34,110,3
34,111,2
34,112,3
34,113,4
34,114,1
34,115,2
34,116,3
34,117,4
34,118,1
34,119,2
34,120,3
34,121,3
34,122,4
34,123,5
34,124,1
34,125,2
34,126,3
34,127,4
34,128,3
34,129,4
34,130,5
34,131,2
34,132,2
34,133,1
34,134,1
35,0,1
35,1,1
35,2,3
35,3,4
35,4,5
35,5,3
35,6,2
35,7,3
35,8,4
35,9,1
35,10,2
35,11,3
35,12,4
35,13,5
35,14,2
35,15,3
35,16,4
35,17,5
35,18,3
35,19,4
35,20,5
35,21,1
35,22,2
35,23,3
35,24,4
35,25,3
35,26,4
35,27,5
35,28,2
35,29,2
35,30,1
35,31,1
35,32,1
35,33,1
35,34,3
35,35,4
35,36,5
35,37,3
35,38,2
35,39,3
35,40,4
35,41,1
35,42,2
35,43,3
35,44,4
35,45,1
35,46,2
35,47,3
35,48,4
35,49,3
35,50,4
35,51,5
35,52,2
35,53,2
35,54,1
35,55,1
35,56,1
35,57,1
35,58,2
35,59,3
35,60,4
35,61,3
35,62,4
35,63,5
35,64,2
35,65,3
35,66,4
35,67,5
35,68,1
35,69,2
35,70,3
35,71,4
35,72,3
35,73,4
35,74,5
35,75,2
35,76,2
35,77,1
35,78,1
35,79,1
35,80,1
35,81,3
35,82,4
35,83,5
35,84,3
35,85,2
35,86,3
35,87,4
35,88,1
35,89,2
35,90,3
35,91,4
35,92,5
35,93,2
35,94,3
35,95,4
35,96,5
35,97,3
35,98,4
35,99,5
35,100,1
35,101,2
35,102,3
35,103,4
35,104,3
35,105,4
35,106,5
35,107,2
35,108,2
35,109,1
35,110,1
35,111,1
35,112,1
35,113,3
35,114,4
35,115,5
35,116,3
35,117,3
35,118,4
35,119,5
35,120,1
35,121,2
35,122,3
35,123,4
35,124,3
35,125,4
35,126,5
35,127,2
35,128,2
35,129,1
35,130,1
35,131,1
35,132,1
35,133,3
35,134,4
36,0,5
36,1,3
36,2,3
36,3,4
36,4,5
36,5,1
36,6,2
36,7,3
36,8,4
36,9,3
36,10,4
36,11,5
36,12,2
36,13,2
36,14,1
36,15,1
36,16,1
36,17,1
36,18,3
36,19,4
36,20,5
36,21,3
36,22,2
36,23,3
36,24,4
36,25,1
36,26,2
36,27,3
36,28,4
36,29,5
36,30,2
36,31,3
36,32,4
36,33,5
36,34,3
36,35,4
36,36,5
36,37,1
36,38,2
36,39,3
36,40,4
36,41,3
36,42,4
36,43,5
36,44,2
36,45,2
36,46,1
36,47,1
36,48,1
36,49,1
36,50,3
36,51,4
36,52,5
36,53,3
36,54,3
36,55,4
36,56,5
36,57,1
36,58,2
36,59,3
36,60,4
36,61,3
36,62,4
36,63,5
36,64,2
36,65,2
36,66,1
36,67,1
36,68,1
36,69,1
36,70,3
36,71,4
36,72,5
36,73,3
36,74,2
36,75,3
36,76,4
36,77,1
36,78,2
36,79,3
36,80,4
36,81,5
36,82,2
36,83,3
36,84,4
36,85,5
36,86,3
36,87,4
36,88,5
36,89,1
36,90,2
36,91,3
36,92,4
36,93,3
36,94,4
36,95,5
36,96,2
36,97,2
36,98,1
36,99,1
36,100,1
36,101,1
36,102,3
36,103,4
36,104,5
36,105,3
36,106,2
36,107,3
36,108,4
36,109,1
36,110,2
36,111,3
36,112,4
36,113,1
36,114,2
36,115,3
36,116,4
36,117,3
36,118,4
36,119,5
36,120,1
36,121,2
36,122,3
36,123,4
36,124,3
36,125,4
36,126,5
36,127,2
36,128,2
36,129,1
36,130,1
36,131,1
36,132,1
36,133,3
36,134,4
37,0,5
37,1,3
37,2,2
37,3,3
37,4,4
37,5,1
37,6,2
37,7,3
37,8,4
37,9,5
37,10,1
37,11,2
37,12,3
37,13,4
37,14,3
37,15,4
37,16,5
37,17,2
37,18,2
37,19,1
37,20,1
37,21,1
37,22,1
37,23,3
37,24,4
37,25,5
37,26,3
37,27,2
37,28,3
37,29,4
37,30,1
37,31,2
37,32,3
37,33,4
37,34,3
37,35,4
37,36,5
37,37,1
37,38,2
37,39,3
37,40,4
37,41,3
37,42,4
37,43,5
37,44,2
37,45,2
37,46,1
37,47,1
37,48,1
37,49,1
37,50,3
37,51,4
37,52,5
37,53,3
37,54,2
37,55,3
37,56,4
37,57,1
37,58,2
37,59,3
37,60,4
37,61,5
37,62,2
37,63,3
37,64,4
37,65,5
37,66,3
37,67,4
37,68,5
37,69,1
37,70,2
37,71,3
37,72,4
37,73,3
37,74,4
37,75,5
37,76,2
37,77,2
37,78,3
37,79,4
37,80,5
37,81,1
37,82,2
37,83,3
37,84,4
37,85,3
37,86,4
37,87,5
37,88,2
37,89,2
37,90,1
37,91,1
37,92,1
37,93,1
37,94,3
37,95,4
37,96,5
37,97,3
37,98,2
37,99,3
37,100,4
37,101,1
37,102,2
37,103,3
37,104,4
37,105,5
37,106,2
37,107,3
37,108,4
37,109,5
37,110,3
37,111,4
37,112,5
37,113,3
37,114,4
37,115,5
37,116,1
37,117,2
37,118,3
37,119,4
37,120,3
37,121,4
37,122,5
37,123,2
37,124,2
37,125,1
37,126,1
37,127,1
37,128,1
37,129,3
37,130,4
37,131,5
37,132,3
37,133,2
37,134,3
38,0,4
38,1,1
38,2,2
38,3,3
38,4,4
38,5,5
38,6,1
38,7,2
38,8,3
38,9,4
38,10,3
38,11,4
38,12,5
38,13,2
38,14,2
38,15,1
38,16,1
38,17,1
38,18,1
38,19,3
38,20,4
38,21,5
38,22,3
38,23,2
38,24,3
38,25,4
38,26,1
38,27,2
38,28,3
38,29,4
38,30,5
38,31,2
38,32,3
38,33,4
38,34,5
38,35,3
38,36,4
38,37,5
38,38,1
38,39,2
38,40,3
38,41,4
38,42,3
38,43,4
38,44,5
38,45,2
38,46,2
38,47,1
38,48,1
38,49,1
38,50,1
38,51,3
38,52,4
38,53,5
38,54,3
38,55,2
38,56,3
38,57,4
38,58,1
38,59,2
38,60,3
38,61,4
38,62,1
38,63,2
38,64,3
38,65,4
38,66,3
38,67,4
38,68,5
38,69,2
38,70,2
38,71,1
38,72,1
38,73,1
38,74,1
38,75,2
38,76,3
38,77,4
38,78,3
38,79,4
38,80,5
38,81,2
38,82,2
38,83,1
38,84,1
38,85,1
38,86,1
38,87,3
38,88,4
38,89,5
38,90,3
38,91,2
38,92,3
38,93,4
38,94,1
38,95,2
38,96,3
38,97,1
38,98,3
38,99,4
38,100,5
38,101,3
38,102,2
38,103,1
38,104,2
38,105,3
38,106,4
38,107,3
38,108,4
38,109,5
38,110,2
38,111,2
38,112,1
38,113,1
38,114,1
38,115,1
38,116,3
38,117,4
38,118,1
38,119,2
38,120,3
38,121,4
38,122,3
38,123,4
38,124,5
38,125,2
38,126,2
38,127,1
38,128,1
38,129,1
38,130,1
38,131,3
38,132,4
38,133,1
38,134,2
39,0,3
39,1,4
39,2,3
39,3,4
39,4,5
39,5,2
39,6,2
39,7,1
39,8,1
39,9,1
39,10,1
39,11,3
39,12,4
39,13,5
39,14,3
39,15,2
39,16,3
39,17,4
39,18,5
39,19,1
39,20,2
39,21,3
39,22,4
39,23,5
39,24,1
39,25,2
39,26,3
39,27,4
39,28,3
39,29,4
39,30,5
39,31,2
39,32,2
39,33,1
39,34,1
39,35,1
39,36,1
39,37,3
39,38,4
39,39,5
39,40,3
39,41,2
39,42,3
39,43,4
39,44,5
39,45,1
39,46,2
39,47,3
39,48,4
39,49,3
39,50,4
39,51,5
39,52,2
39,53,2
39,54,1
39,55,1
39,56,1
39,57,1
39,58,3
39,59,4
39,60,5
39,61,3
39,62,2
39,63,3
39,64,4
39,65,1
39,66,2
39,67,3
39,68,3
39,69,4
39,70,5
39,71,1
39,72,2
39,73,3
39,74,4
39,75,3
39,76,4
39,77,5
39,78,2
39,79,2
39,80,1
39,81,1
39,82,1
39,83,1
39,84,3
39,85,4
39,86,5
39,87,3
39,88,2
39,89,3
39,90,3
39,91,4
39,92,5
39,93,1
39,94,2
39,95,3
39,96,4
39,97,3
39,98,4
39,99,5
39,100,2
39,101,2
39,102,1
39,103,1
39,104,1
39,105,1
39,106,3
39,107,4
39,108,5
39,109,3
39,110,2
39,111,3
39,112,4
39,113,1
39,114,2
39,115,3
39,116,4
39,117,5
39,118,2
39,119,3
39,120,4
39,121,5
39,122,3
39,123,4
39,124,5
39,125,1
39,126,2
39,127,3
39,128,4
39,129,3
39,130,4
39,131,5
39,132,2
39,133,2
39,134,3
40,0,4
40,1,5
40,2,1
40,3,2
40,4,3
40,5,4
40,6,3
40,7,4
40,8,5
40,9,2
40,10,2
40,11,1
40,12,1
40,13,1
40,14,1
40,15,3
40,16,4
40,17,5
40,18,3
40,19,2
40,20,3
40,21,4
40,22,1
40,23,2
40,24,3
40,25,4
40,26,5
40,27,2
40,28,3
40,29,4
40,30,5
40,31,3
40,32,4
40,33,5
40,34,1
40,35,2
40,36,3
40,37,4
40,38,3
40,39,4
40,40,5
40,41,2
40,42,2
40,43,1
40,44,1
40,45,1
40,46,1
40,47,3
40,48,4
40,49,3
40,50,4
40,51,5
40,52,1
40,53,2
40,54,3
40,55,4
40,56,3
40,57,4
40,58,5
40,59,2
40,60,2
40,61,1
40,62,1
40,63,1
40,64,1
40,65,3
40,66,4
40,67,5
40,68,3
40,69,2
40,70,3
40,71,4
40,72,1
40,73,2
40,74,3
40,75,4
40,76,5
40,77,2
40,78,3
40,79,4
40,80,5
40,81,3
40,82,4
40,83,5
40,84,1
40,85,2
40,86,3
40,87,4
40,88,3
40,89,4
40,90,5
40,91,2
40,92,2
40,93,1
40,94,1
40,95,1
40,96,1
40,97,3
40,98,4
40,99,5
40,100,3
40,101,2
40,102,3
40,103,4
40,104,1
40,105,2
40,106,3
40,107,4
40,108,1
40,109,2
40,110,3
40,111,4
40,112,3
40,113,4
40,114,5
40,115,2
40,116,2
40,117,1
40,118,1
40,119,1
40,120,1
40,121,2
40,122,3
40,123,4
40,124,3
40,125,4
40,126,5
40,127,2
40,128,2
40,129,1
40,130,1
40,131,1
40,132,1
40,133,3
40,134,4
41,0,5
41,1,1
41,2,2
41,3,3
41,4,4
41,5,3
41,6,4
41,7,5
41,8,2
41,9,2
41,10,1
41,11,1
41,12,1
41,13,3
41,14,4
41,15,5
41,16,1
41,17,2
41,18,3
41,19,4
41,20,3
41,21,4
41,22,5
41,23,2
41,24,2
41,25,1
41,26,1
41,27,1
41,28,1
41,29,3
41,30,4
41,31,5
41,32,3
41,33,2
41,34,3
41,35,4
41,36,1
41,37,2
41,38,3
41,39,4
41,40,5
41,41,2
41,42,3
41,43,4
41,44,5
41,45,3
41,46,4
41,47,5
41,48,1
41,49,2
41,50,3
41,51,4
41,52,3
41,53,4
41,54,5
41,55,1
41,56,2
41,57,3
41,58,4
41,59,3
41,60,4
41,61,5
41,62,2
41,63,2
41,64,1
41,65,1
41,66,1
41,67,1
41,68,3
41,69,4
41,70,5
41,71,3
41,72,2
41,73,3
41,74,4
41,75,1
41,76,2
41,77,3
41,78,4
41,79,5
41,80,2
41,81,3
41,82,4
41,83,5
41,84,3
41,85,4
41,86,5
41,87,1
41,88,2
41,89,3
41,90,4
41,91,3
41,92,4
41,93,5
41,94,2
41,95,2
41,96,1
41,97,1
41,98,1
41,99,1
41,100,3
41,101,4
41,102,5
41,103,3
41,104,2
41,105,3
41,106,4
41,107,1
41,108,2
41,109,3
41,110,4
41,111,1
41,112,2
41,113,3
41,114,4
41,115,3
41,116,4
41,117,5
41,118,2
41,119,2
41,120,1
41,121,1
41,122,1
41,123,1
41,124,2
41,125,3
41,126,4
41,127,3
41,128,4
41,129,5
41,130,2
41,131,2
41,132,1
41,133,1
41,134,1
42,0,1
42,1,3
42,2,4
42,3,5
42,4,3
42,5,2
42,6,3
42,7,4
42,8,1
42,9,2
42,10,3
42,11,1
42,12,3
42,13,4
42,14,5
42,15,3
42,16,2
42,17,1
42,18,2
42,19,3
42,20,4
42,21,3
42,22,4
42,23,5
42,24,2
42,25,2
42,26,1
42,27,1
42,28,1
42,29,1
42,30,3
42,31,4
42,32,1
42,33,2
42,34,3
42,35,4
42,36,3
42,37,4
42,38,5
42,39,2
42,40,2
42,41,1
42,42,1
42,43,1
42,44,1
42,45,3
42,46,4
42,47,1
42,48,2
42,49,3
42,50,4
42,51,3
42,52,4
42,53,5
42,54,2
42,55,2
42,56,1
42,57,1
42,58,3
42,59,4
42,60,5
42,61,1
42,62,2
42,63,3
42,64,4
42,65,3
42,66,4
42,67,5
42,68,2
42,69,2
42,70,1
42,71,1
42,72,1
42,73,1
42,74,3
42,75,4
42,76,5
42,77,3
42,78,2
42,79,3
42,80,3
42,81,4
42,82,5
42,83,1
42,84,2
42,85,3
42,86,4
42,87,3
42,88,4
42,89,5
42,90,2
42,91,2
42,92,1
42,93,1
42,94,1
42,95,3
42,96,4
42,97,5
42,98,1
42,99,2
42,100,3
42,101,4
42,102,3
42,103,4
42,104,5
42,105,2
42,106,2
42,107,1
42,108,1
42,109,1
42,110,1
42,111,3
42,112,4
42,113,5
42,114,3
42,115,2
42,116,3
42,117,4
42,118,1
42,119,2
42,120,3
42,121,4
42,122,5
42,123,2
42,124,3
42,125,4
42,126,5
42,127,3
42,128,4
42,129,5
42,130,1
42,131,2
42,132,3
42,133,4
42,134,3
43,0,4
43,1,3
43,2,4
43,3,5
43,4,1
43,5,2
43,6,3
43,7,4
43,8,3
43,9,4
43,10,5
43,11,2
43,12,2
43,13,1
43,14,1
43,15,1
43,16,1
43,17,3
43,18,4
43,19,5
43,20,3
43,21,2
43,22,3
43,23,4
43,24,1
43,25,2
43,26,3
43,27,4
43,28,5
43,29,2
43,30,3
43,31,4
43,32,5
43,33,3
43,34,4
43,35,5
43,36,1
43,37,2
43,38,3
43,39,4
43,40,3
43,41,4
43,42,5
43,43,2
43,44,2
43,45,1
43,46,1
43,47,1
43,48,1
43,49,3
43,50,4
43,51,5
43,52,3
43,53,2
43,54,3
43,55,4
43,56,1
43,57,2
43,58,3
43,59,4
43,60,5
43,61,2
43,62,3
43,63,4
43,64,5
43,65,3
43,66,3
43,67,4
43,68,5
43,69,1
43,70,2
43,71,3
43,72,4
43,73,3
43,74,4
43,75,5
43,76,2
43,77,2
43,78,1
43,79,1
43,80,1
43,81,1
43,82,3
43,83,4
43,84,5
43,85,3
43,86,2
43,87,3
43,88,4
43,89,1
43,90,2
43,91,3
43,92,4
43,93,5
43,94,2
43,95,3
43,96,3
43,97,4
43,98,5
43,99,1
43,100,2
43,101,3
43,102,4
43,103,3
43,104,4
43,105,5
43,106,2
43,107,2
43,108,1
43,109,1
43,110,1
43,111,1
43,112,3
43,113,4
43,114,5
43,115,3
43,116,2
43,117,3
43,118,4
43,119,1
43,120,2
43,121,3
43,122,4
43,123,5
43,124,2
43,125,3
43,126,4
43,127,5
43,128,3
43,129,3
43,130,4
43,131,5
43,132,1
43,133,2
43,134,3
44,0,4
44,1,3
44,2,4
44,3,5
44,4,2
44,5,2
44,6,1
44,7,1
44,8,1
44,9,1
44,10,3
44,11,4
44,12,5
44,13,3
44,14,2
44,15,3
44,16,4
44,17,1
44,18,3
44,19,4
44,20,5
44,21,1
44,22,2
44,23,3
44,24,4
44,25,3
44,26,4
44,27,5
44,28,2
44,29,2
44,30,1
44,31,1
44,32,1
44,33,1
44,34,3
44,35,4
44,36,5
44,37,3
44,38,2
44,39,3
44,40,4
44,41,1
44,42,2
44,43,3
44,44,4
44,45,5
44,46,2
44,47,3
44,48,4
44,49,5
44,50,3
44,51,4
44,52,3
44,53,4
44,54,5
44,55,1
44,56,2
44,57,3
44,58,4
44,59,3
44,60,4
44,61,5
44,62,2
44,63,2
44,64,1
44,65,1
44,66,1
44,67,1
44,68,3
44,69,4
44,70,5
44,71,3
44,72,2
44,73,3
44,74,4
44,75,1
44,76,2
44,77,3
44,78,4
44,79,5
44,80,2
44,81,3
44,82,4
44,83,5
44,84,3
44,85,4
44,86,5
44,87,1
44,88,2
44,89,3
44,90,4
44,91,3
44,92,4
44,93,5
44,94,2
44,95,2
44,96,1
44,97,1
44,98,1
44,99,1
44,100,3
44,101,4
44,102,5
44,103,3
44,104,2
44,105,3
44,106,4
44,107,1
44,108,2
44,109,3
44,110,4
44,111,1
44,112,2
44,113,3
44,114,4
44,115,3
44,116,4
44,117,5
44,118,2
44,119,2
44,120,1
44,121,1
44,122,1
44,123,1
44,124,2
44,125,3
44,126,4
44,127,3
44,128,4
44,129,5
44,130,2
44,131,2
44,132,1
44,133,1
44,134,1
